# AGAT OSC Recording
# Started: Thu Jan  8 19:32:59 2026
# Format: timestamp,address,value
time,address,value
0.000,/agat/organ/2,0.0
0.000,/agat/dmxfan/2/range,0.0
0.000,/agat/bigfan,0.0
0.000,/agat/platform,0.0
0.000,/agat/wallsocket/2,0.0
0.000,/agat/rain/speed,0.0
0.000,/agat/whistle/triggerpos,0.0
0.000,/agat/smoke/1/triggerpos,0.0
0.000,/agat/ab/cw,0.0
0.000,/agat/wallsocket/6,0.0
0.000,/agat/material/long/playspeed,0.0
0.000,/agat/smoke/1/playspeed,0.0
0.000,/agat/chair/pos,0.0
0.000,/agat/dmxfan/2/playspeed,0.0
0.000,/agat/chair/speed,0.0
0.000,/agat/smoke/1,0.0
0.000,/agat/smoke/2,0.0
0.000,/agat/material/short,0.0
0.000,/agat/newspaper,0.0
0.000,/agat/lungs,0.0
0.000,/agat/material/long,0.0
0.000,/agat/dmxfan/4/range,0.0
0.000,/agat/whistle/squeeze,0.0
0.000,/agat/rock/2/speed,0.0
0.000,/agat/bass/down,0.0
0.000,/agat/whistle/playspeed,0.0
0.000,/agat/dmxfan/3/range,0.0
0.000,/agat/newspape/playspeedr,0.0
0.000,/agat/tree/pos,0.0
0.000,/agat/newspaper/triggerpos,0.0
0.000,/agat/dmxfan/3/playspeed,0.0
0.000,/agat/rain/2,0.0
0.000,/agat/rock/2/pos,0.0
0.000,/agat/wallsocket/11,0.0
0.000,/agat/branch/speed,0.0
0.000,/agat/material/short/triggerpos,0.0
0.000,/agat/organ/4,0.0
0.000,/agat/snakeshort/triggerpos,0.0
0.000,/agat/snakeshort/playspeed,0.0
0.000,/agat/snakelong,0.0
0.000,/agat/ab/ccw,0.0
0.000,/agat/dmxfan/4/playspeed,0.0
0.000,/agat/wallsocket/3,0.0
0.000,/agat/snakelong/triggerpos,0.0
0.000,/agat/dmxfan/2/speed,0.0
0.000,/agat/dmxfan/3/speed,0.0
0.000,/agat/bass/blow,0.0
0.000,/agat/rain/4,0.0
0.000,/agat/snakelong/playspeed,0.0
0.000,/agat/material/short/playspeed,0.0
0.000,/agat/material/long/triggerpos,0.0
0.000,/agat/dmxfan/1/playspeed,0.0
0.000,/agat/dmxfan/4/speed,0.0
0.000,/agat/smoke/2/playspeed,0.0
0.000,/agat/rain/1,0.0
0.000,/agat/whistle/looptime,0.0
0.000,/agat/tree/speed,0.0
0.000,/agat/whistle/blow,0.0
0.000,/agat/organ/3,0.0
0.000,/agat/rain/3,0.0
0.000,/agat/snakeshort,0.0
0.000,/agat/rock/1/pos,0.0
0.000,/agat/smoke/2/triggerpos,0.0
0.000,/agat/bass/up,0.0
0.000,/agat/dmxfan/1/speed,0.0
0.000,/agat/branch,0.0
0.000,/agat/dmxfan/1/range,0.0
0.000,/agat/rain/loop,0.0
0.000,/agat/rock/1/speed,0.0
0.000,/agat/organ/1,0.0
28.058,/agat/dmxfan/1/speed,2.0
28.059,/agat/dmxfan/1/speed,4.0
28.065,/agat/dmxfan/1/speed,6.0
28.068,/agat/dmxfan/1/speed,8.0
28.074,/agat/dmxfan/1/speed,10.0
28.078,/agat/dmxfan/1/speed,12.0
28.082,/agat/dmxfan/1/speed,14.0
28.085,/agat/dmxfan/1/speed,16.0
28.088,/agat/dmxfan/1/speed,18.0
28.09,/agat/dmxfan/1/speed,20.0
28.094,/agat/dmxfan/1/speed,22.0
28.097,/agat/dmxfan/1/speed,24.0
28.099,/agat/dmxfan/1/speed,26.0
28.102,/agat/dmxfan/1/speed,28.0
28.105,/agat/dmxfan/1/speed,30.0
28.107,/agat/dmxfan/1/speed,32.0
28.11,/agat/dmxfan/1/speed,34.0
28.113,/agat/dmxfan/1/speed,36.0
28.114,/agat/dmxfan/1/speed,38.0
28.117,/agat/dmxfan/1/speed,40.0
28.12,/agat/dmxfan/1/speed,42.0
28.122,/agat/dmxfan/1/speed,44.0
28.125,/agat/dmxfan/1/speed,46.0
28.126,/agat/dmxfan/1/speed,48.0
28.129,/agat/dmxfan/1/speed,50.0
28.131,/agat/dmxfan/1/speed,52.0
28.132,/agat/dmxfan/1/speed,54.0
28.135,/agat/dmxfan/1/speed,56.0
28.138,/agat/dmxfan/1/speed,58.0
28.139,/agat/dmxfan/1/speed,60.0
28.141,/agat/dmxfan/1/speed,62.0
28.142,/agat/dmxfan/1/speed,64.0
28.145,/agat/dmxfan/1/speed,66.0
28.147,/agat/dmxfan/1/speed,68.0
28.148,/agat/dmxfan/1/speed,70.0
28.151,/agat/dmxfan/1/speed,72.0
28.153,/agat/dmxfan/1/speed,74.0
28.156,/agat/dmxfan/1/speed,76.0
28.157,/agat/dmxfan/1/speed,78.0
28.159,/agat/dmxfan/1/speed,80.0
28.161,/agat/dmxfan/1/speed,82.0
28.163,/agat/dmxfan/1/speed,84.0
28.164,/agat/dmxfan/1/speed,86.0
28.167,/agat/dmxfan/1/speed,88.0
28.169,/agat/dmxfan/1/speed,90.0
28.172,/agat/dmxfan/1/speed,92.0
28.173,/agat/dmxfan/1/speed,94.0
28.176,/agat/dmxfan/1/speed,96.0
28.178,/agat/dmxfan/1/speed,98.0
28.181,/agat/dmxfan/1/speed,100.0
28.182,/agat/dmxfan/1/speed,102.0
28.184,/agat/dmxfan/1/speed,104.0
28.186,/agat/dmxfan/1/speed,106.0
28.188,/agat/dmxfan/1/speed,108.0
28.191,/agat/dmxfan/1/speed,110.0
28.193,/agat/dmxfan/1/speed,112.0
28.196,/agat/dmxfan/1/speed,114.0
28.198,/agat/dmxfan/1/speed,116.0
28.2,/agat/dmxfan/1/speed,118.0
28.202,/agat/dmxfan/1/speed,120.0
28.205,/agat/dmxfan/1/speed,122.0
28.206,/agat/dmxfan/1/speed,124.0
28.211,/agat/dmxfan/1/speed,126.0
28.213,/agat/dmxfan/1/speed,128.0
28.255,/agat/dmxfan/1/speed,130.0
28.268,/agat/dmxfan/1/speed,132.0
28.279,/agat/dmxfan/1/speed,134.0
28.286,/agat/dmxfan/1/speed,136.0
28.297,/agat/dmxfan/1/speed,138.0
28.308,/agat/dmxfan/1/speed,140.0
28.318,/agat/dmxfan/1/speed,142.0
28.331,/agat/dmxfan/1/speed,144.0
28.351,/agat/dmxfan/1/speed,146.0
28.383,/agat/dmxfan/1/speed,148.0
28.411,/agat/dmxfan/1/speed,150.0
28.431,/agat/dmxfan/1/speed,152.0
32.166,/agat/dmxfan/1/speed,154.0
32.738,/agat/dmxfan/1/speed,156.0
35.102,/agat/dmxfan/1/speed,158.0
55.846,/agat/rock/2/speed,2.0
55.846,/agat/rock/2/speed,4.0
55.847,/agat/rock/2/speed,6.0
55.848,/agat/rock/2/speed,8.0
55.849,/agat/rock/2/speed,10.0
55.852,/agat/rock/2/speed,12.0
55.855,/agat/rock/2/speed,14.0
55.858,/agat/rock/2/speed,16.0
55.861,/agat/rock/2/speed,18.0
55.862,/agat/rock/2/speed,20.0
55.865,/agat/rock/2/speed,22.0
55.867,/agat/rock/2/speed,24.0
55.87,/agat/rock/2/speed,26.0
55.872,/agat/rock/2/speed,28.0
55.875,/agat/rock/2/speed,30.0
55.877,/agat/rock/2/speed,32.0
55.879,/agat/rock/2/speed,34.0
55.881,/agat/rock/2/speed,36.0
55.883,/agat/rock/2/speed,38.0
55.884,/agat/rock/2/speed,40.0
55.887,/agat/rock/2/speed,42.0
55.889,/agat/rock/2/speed,44.0
55.891,/agat/rock/2/speed,46.0
55.893,/agat/rock/2/speed,48.0
55.896,/agat/rock/2/speed,50.0
55.897,/agat/rock/2/speed,52.0
55.9,/agat/rock/2/speed,54.0
55.902,/agat/rock/2/speed,56.0
55.904,/agat/rock/2/speed,58.0
55.906,/agat/rock/2/speed,60.0
55.909,/agat/rock/2/speed,62.0
55.91,/agat/rock/2/speed,64.0
55.914,/agat/rock/2/speed,66.0
55.917,/agat/rock/2/speed,68.0
55.92,/agat/rock/2/speed,70.0
55.921,/agat/rock/2/speed,72.0
55.924,/agat/rock/2/speed,74.0
55.927,/agat/rock/2/speed,76.0
55.931,/agat/rock/2/speed,78.0
55.933,/agat/rock/2/speed,80.0
55.936,/agat/rock/2/speed,82.0
55.939,/agat/rock/2/speed,84.0
55.942,/agat/rock/2/speed,86.0
55.943,/agat/rock/2/speed,88.0
55.947,/agat/rock/2/speed,90.0
55.95,/agat/rock/2/speed,92.0
55.952,/agat/rock/2/speed,94.0
55.956,/agat/rock/2/speed,96.0
55.96,/agat/rock/2/speed,98.0
55.962,/agat/rock/2/speed,100.0
55.965,/agat/rock/2/speed,102.0
55.969,/agat/rock/2/speed,104.0
55.971,/agat/rock/2/speed,106.0
55.974,/agat/rock/2/speed,108.0
55.978,/agat/rock/2/speed,110.0
55.98,/agat/rock/2/speed,112.0
55.984,/agat/rock/2/speed,114.0
55.986,/agat/rock/2/speed,116.0
55.99,/agat/rock/2/speed,118.0
55.992,/agat/rock/2/speed,120.0
55.996,/agat/rock/2/speed,122.0
56.0,/agat/rock/2/speed,124.0
56.004,/agat/rock/2/speed,126.0
56.008,/agat/rock/2/speed,128.0
56.039,/agat/rock/2/speed,130.0
56.044,/agat/rock/2/speed,132.0
56.05,/agat/rock/2/speed,134.0
56.056,/agat/rock/2/speed,136.0
56.064,/agat/rock/2/speed,138.0
56.068,/agat/rock/2/speed,140.0
56.072,/agat/rock/2/speed,142.0
56.079,/agat/rock/2/speed,144.0
56.085,/agat/rock/2/speed,146.0
56.092,/agat/rock/2/speed,148.0
56.103,/agat/rock/2/speed,150.0
56.117,/agat/rock/2/speed,152.0
56.128,/agat/rock/2/speed,154.0
56.261,/agat/rock/2/speed,152.0
56.399,/agat/rock/2/speed,150.0
56.423,/agat/rock/2/speed,148.0
56.449,/agat/rock/2/speed,146.0
56.46,/agat/rock/2/speed,144.0
56.47,/agat/rock/2/speed,142.0
56.478,/agat/rock/2/speed,140.0
56.483,/agat/rock/2/speed,138.0
56.49,/agat/rock/2/speed,136.0
56.493,/agat/rock/2/speed,134.0
56.499,/agat/rock/2/speed,132.0
56.503,/agat/rock/2/speed,130.0
56.505,/agat/rock/2/speed,128.0
56.527,/agat/rock/2/speed,126.0
56.529,/agat/rock/2/speed,124.0
56.531,/agat/rock/2/speed,122.0
56.533,/agat/rock/2/speed,120.0
56.535,/agat/rock/2/speed,118.0
56.537,/agat/rock/2/speed,116.0
56.539,/agat/rock/2/speed,114.0
56.541,/agat/rock/2/speed,112.0
56.543,/agat/rock/2/speed,110.0
56.546,/agat/rock/2/speed,108.0
56.547,/agat/rock/2/speed,106.0
56.549,/agat/rock/2/speed,104.0
56.551,/agat/rock/2/speed,102.0
56.554,/agat/rock/2/speed,100.0
56.555,/agat/rock/2/speed,98.0
56.558,/agat/rock/2/speed,96.0
56.559,/agat/rock/2/speed,94.0
56.563,/agat/rock/2/speed,92.0
56.564,/agat/rock/2/speed,90.0
56.567,/agat/rock/2/speed,88.0
56.57,/agat/rock/2/speed,86.0
56.574,/agat/rock/2/speed,84.0
56.574,/agat/rock/2/speed,82.0
56.578,/agat/rock/2/speed,80.0
56.582,/agat/rock/2/speed,78.0
56.587,/agat/rock/2/speed,76.0
56.589,/agat/rock/2/speed,74.0
56.593,/agat/rock/2/speed,72.0
56.597,/agat/rock/2/speed,70.0
56.602,/agat/rock/2/speed,68.0
56.604,/agat/rock/2/speed,66.0
56.61,/agat/rock/2/speed,64.0
56.613,/agat/rock/2/speed,62.0
56.617,/agat/rock/2/speed,60.0
56.622,/agat/rock/2/speed,58.0
56.625,/agat/rock/2/speed,56.0
56.628,/agat/rock/2/speed,54.0
56.632,/agat/rock/2/speed,52.0
56.636,/agat/rock/2/speed,50.0
56.641,/agat/rock/2/speed,48.0
56.645,/agat/rock/2/speed,46.0
56.647,/agat/rock/2/speed,44.0
56.651,/agat/rock/2/speed,42.0
56.655,/agat/rock/2/speed,40.0
56.661,/agat/rock/2/speed,38.0
56.666,/agat/rock/2/speed,36.0
56.672,/agat/rock/2/speed,34.0
56.675,/agat/rock/2/speed,32.0
56.681,/agat/rock/2/speed,30.0
56.689,/agat/rock/2/speed,28.0
56.696,/agat/rock/2/speed,26.0
56.702,/agat/rock/2/speed,24.0
56.709,/agat/rock/2/speed,22.0
56.716,/agat/rock/2/speed,20.0
56.721,/agat/rock/2/speed,18.0
56.729,/agat/rock/2/speed,16.0
56.739,/agat/rock/2/speed,14.0
56.748,/agat/rock/2/speed,12.0
56.763,/agat/rock/2/speed,10.0
56.776,/agat/rock/2/speed,8.0
56.788,/agat/rock/2/speed,6.0
56.801,/agat/rock/2/speed,4.0
56.819,/agat/rock/2/speed,2.0
56.825,/agat/rock/2/speed,0.0
63.078,/agat/rock/1/speed,130.0
63.26,/agat/rock/1/speed,132.0
63.329,/agat/rock/1/speed,134.0
63.363,/agat/rock/1/speed,136.0
63.391,/agat/rock/1/speed,138.0
63.425,/agat/rock/1/speed,140.0
63.496,/agat/rock/1/speed,142.0
63.538,/agat/rock/1/speed,144.0
63.617,/agat/rock/1/speed,146.0
63.695,/agat/rock/1/speed,148.0
63.849,/agat/rock/1/speed,150.0
63.901,/agat/rock/1/speed,152.0
63.968,/agat/rock/1/speed,154.0
64.027,/agat/rock/1/speed,156.0
64.095,/agat/rock/1/speed,158.0
64.175,/agat/rock/1/speed,160.0
64.509,/agat/rock/1/speed,162.0
64.788,/agat/rock/1/speed,164.0
64.923,/agat/rock/1/speed,166.0
64.968,/agat/rock/1/speed,168.0
65.021,/agat/rock/1/speed,170.0
65.398,/agat/rock/1/speed,172.0
65.469,/agat/rock/1/speed,174.0
65.515,/agat/rock/1/speed,176.0
65.534,/agat/rock/1/speed,178.0
65.548,/agat/rock/1/speed,180.0
65.562,/agat/rock/1/speed,182.0
65.578,/agat/rock/1/speed,184.0
65.591,/agat/rock/1/speed,186.0
65.608,/agat/rock/1/speed,188.0
65.621,/agat/rock/1/speed,190.0
65.634,/agat/rock/1/speed,192.0
65.642,/agat/rock/1/speed,194.0
65.659,/agat/rock/1/speed,196.0
65.677,/agat/rock/1/speed,198.0
65.697,/agat/rock/1/speed,200.0
65.724,/agat/rock/1/speed,202.0
65.746,/agat/rock/1/speed,204.0
65.772,/agat/rock/1/speed,206.0
65.806,/agat/rock/1/speed,208.0
65.863,/agat/rock/1/speed,210.0
65.89,/agat/rock/1/speed,212.0
65.908,/agat/rock/1/speed,214.0
65.935,/agat/rock/1/speed,216.0
65.971,/agat/rock/1/speed,218.0
66.005,/agat/rock/1/speed,220.0
66.037,/agat/rock/1/speed,222.0
66.071,/agat/rock/1/speed,224.0
66.113,/agat/rock/1/speed,226.0
66.16,/agat/rock/1/speed,228.0
66.265,/agat/rock/1/speed,230.0
66.333,/agat/rock/1/speed,232.0
66.379,/agat/rock/1/speed,234.0
66.434,/agat/rock/1/speed,236.0
66.563,/agat/rock/1/speed,238.0
66.628,/agat/rock/1/speed,240.0
66.659,/agat/rock/1/speed,242.0
66.722,/agat/rock/1/speed,244.0
66.758,/agat/rock/1/speed,246.0
66.791,/agat/rock/1/speed,248.0
66.836,/agat/rock/1/speed,250.0
66.887,/agat/rock/1/speed,252.0
67.106,/agat/rock/1/speed,255.0
70.08,/agat/rock/1/speed,252.0
70.08,/agat/rock/1/speed,250.0
70.081,/agat/rock/1/speed,248.0
70.086,/agat/rock/1/speed,246.0
70.092,/agat/rock/1/speed,244.0
70.099,/agat/rock/1/speed,242.0
70.102,/agat/rock/1/speed,240.0
70.106,/agat/rock/1/speed,238.0
70.111,/agat/rock/1/speed,236.0
70.118,/agat/rock/1/speed,234.0
70.124,/agat/rock/1/speed,232.0
70.126,/agat/rock/1/speed,230.0
70.134,/agat/rock/1/speed,228.0
70.14,/agat/rock/1/speed,226.0
70.146,/agat/rock/1/speed,224.0
70.152,/agat/rock/1/speed,222.0
70.155,/agat/rock/1/speed,220.0
70.16,/agat/rock/1/speed,218.0
70.166,/agat/rock/1/speed,216.0
70.174,/agat/rock/1/speed,214.0
70.182,/agat/rock/1/speed,212.0
70.189,/agat/rock/1/speed,210.0
70.205,/agat/rock/1/speed,208.0
70.259,/agat/rock/1/speed,206.0
70.391,/agat/rock/1/speed,208.0
70.506,/agat/rock/1/speed,210.0
70.529,/agat/rock/1/speed,212.0
70.545,/agat/rock/1/speed,214.0
70.578,/agat/rock/1/speed,216.0
70.614,/agat/rock/1/speed,218.0
70.643,/agat/rock/1/speed,220.0
70.661,/agat/rock/1/speed,222.0
70.692,/agat/rock/1/speed,224.0
71.932,/agat/rock/2/speed,2.0
71.933,/agat/rock/2/speed,4.0
71.935,/agat/rock/2/speed,6.0
71.94,/agat/rock/2/speed,8.0
71.945,/agat/rock/2/speed,10.0
71.952,/agat/rock/2/speed,12.0
71.955,/agat/rock/2/speed,14.0
71.96,/agat/rock/2/speed,16.0
71.966,/agat/rock/2/speed,18.0
71.971,/agat/rock/2/speed,20.0
71.977,/agat/rock/2/speed,22.0
71.98,/agat/rock/2/speed,24.0
71.985,/agat/rock/2/speed,26.0
71.991,/agat/rock/2/speed,28.0
71.996,/agat/rock/2/speed,30.0
72.002,/agat/rock/2/speed,32.0
72.008,/agat/rock/2/speed,34.0
72.011,/agat/rock/2/speed,36.0
72.018,/agat/rock/2/speed,38.0
72.025,/agat/rock/2/speed,40.0
72.033,/agat/rock/2/speed,42.0
72.038,/agat/rock/2/speed,44.0
72.046,/agat/rock/2/speed,46.0
72.068,/agat/rock/2/speed,48.0
72.248,/agat/rock/2/speed,46.0
72.749,/agat/rock/2/speed,44.0
72.933,/agat/rock/2/speed,42.0
72.987,/agat/rock/2/speed,40.0
74.476,/agat/rock/2/speed,38.0
74.55,/agat/rock/2/speed,36.0
74.572,/agat/rock/2/speed,34.0
74.585,/agat/rock/2/speed,32.0
74.598,/agat/rock/2/speed,30.0
74.608,/agat/rock/2/speed,28.0
74.616,/agat/rock/2/speed,26.0
74.623,/agat/rock/2/speed,24.0
74.625,/agat/rock/2/speed,22.0
74.632,/agat/rock/2/speed,20.0
74.638,/agat/rock/2/speed,18.0
74.644,/agat/rock/2/speed,16.0
74.648,/agat/rock/2/speed,14.0
74.653,/agat/rock/2/speed,12.0
74.66,/agat/rock/2/speed,10.0
74.665,/agat/rock/2/speed,8.0
74.667,/agat/rock/2/speed,6.0
74.67,/agat/rock/2/speed,4.0
74.675,/agat/rock/2/speed,2.0
74.681,/agat/rock/2/speed,0.0
75.742,/agat/chair/speed,2.0
75.744,/agat/chair/speed,4.0
75.753,/agat/chair/speed,6.0
75.757,/agat/chair/speed,8.0
75.765,/agat/chair/speed,10.0
75.774,/agat/chair/speed,12.0
75.781,/agat/chair/speed,14.0
75.79,/agat/chair/speed,16.0
75.797,/agat/chair/speed,18.0
75.801,/agat/chair/speed,20.0
75.808,/agat/chair/speed,22.0
75.814,/agat/chair/speed,24.0
75.82,/agat/chair/speed,26.0
75.827,/agat/chair/speed,28.0
75.831,/agat/chair/speed,30.0
75.837,/agat/chair/speed,32.0
75.845,/agat/chair/speed,34.0
75.851,/agat/chair/speed,36.0
75.858,/agat/chair/speed,38.0
75.861,/agat/chair/speed,40.0
75.868,/agat/chair/speed,42.0
75.876,/agat/chair/speed,44.0
75.883,/agat/chair/speed,46.0
75.89,/agat/chair/speed,48.0
75.899,/agat/chair/speed,50.0
75.904,/agat/chair/speed,52.0
75.914,/agat/chair/speed,54.0
75.925,/agat/chair/speed,56.0
75.941,/agat/chair/speed,58.0
76.131,/agat/chair/speed,56.0
76.293,/agat/chair/speed,58.0
76.48,/agat/chair/speed,56.0
77.154,/agat/chair/speed,54.0
78.142,/agat/chair/speed,52.0
78.15,/agat/chair/speed,50.0
78.155,/agat/chair/speed,48.0
78.165,/agat/chair/speed,46.0
78.17,/agat/chair/speed,44.0
78.178,/agat/chair/speed,42.0
78.184,/agat/chair/speed,40.0
78.191,/agat/chair/speed,38.0
78.194,/agat/chair/speed,36.0
78.201,/agat/chair/speed,34.0
78.208,/agat/chair/speed,32.0
78.215,/agat/chair/speed,30.0
78.223,/agat/chair/speed,28.0
78.231,/agat/chair/speed,26.0
78.235,/agat/chair/speed,24.0
78.244,/agat/chair/speed,22.0
78.255,/agat/chair/speed,20.0
78.269,/agat/chair/speed,18.0
78.286,/agat/chair/speed,16.0
78.312,/agat/chair/speed,14.0
78.338,/agat/chair/speed,12.0
78.359,/agat/chair/speed,10.0
78.377,/agat/chair/speed,8.0
78.387,/agat/chair/speed,6.0
78.404,/agat/chair/speed,4.0
78.437,/agat/chair/speed,2.0
78.495,/agat/chair/speed,0.0
80.455,/agat/chair/speed,2.0
80.456,/agat/chair/speed,4.0
80.461,/agat/chair/speed,6.0
80.464,/agat/chair/speed,8.0
80.475,/agat/chair/speed,10.0
80.477,/agat/chair/speed,12.0
80.485,/agat/chair/speed,14.0
80.485,/agat/chair/speed,16.0
80.52,/agat/chair/speed,18.0
80.52,/agat/chair/speed,20.0
80.52,/agat/chair/speed,22.0
80.52,/agat/chair/speed,24.0
80.52,/agat/chair/speed,26.0
80.52,/agat/chair/speed,28.0
80.521,/agat/chair/speed,30.0
80.527,/agat/chair/speed,32.0
80.533,/agat/chair/speed,34.0
80.538,/agat/chair/speed,36.0
80.541,/agat/chair/speed,38.0
80.548,/agat/chair/speed,40.0
80.553,/agat/chair/speed,42.0
80.559,/agat/chair/speed,44.0
80.566,/agat/chair/speed,46.0
80.569,/agat/chair/speed,48.0
80.577,/agat/chair/speed,50.0
80.587,/agat/chair/speed,52.0
80.605,/agat/chair/speed,54.0
80.697,/agat/chair/speed,52.0
133.156,/agat/dmxfan/1/speed,160.0
133.211,/agat/dmxfan/1/speed,158.0
133.214,/agat/dmxfan/1/speed,156.0
133.219,/agat/dmxfan/1/speed,154.0
133.223,/agat/dmxfan/1/speed,152.0
133.225,/agat/dmxfan/1/speed,150.0
133.229,/agat/dmxfan/1/speed,148.0
133.23,/agat/dmxfan/1/speed,146.0
133.233,/agat/dmxfan/1/speed,144.0
133.234,/agat/dmxfan/1/speed,142.0
133.236,/agat/dmxfan/1/speed,140.0
133.238,/agat/dmxfan/1/speed,138.0
133.24,/agat/dmxfan/1/speed,136.0
133.241,/agat/dmxfan/1/speed,134.0
133.243,/agat/dmxfan/1/speed,132.0
133.244,/agat/dmxfan/1/speed,130.0
133.246,/agat/dmxfan/1/speed,128.0
133.255,/agat/dmxfan/1/speed,126.0
133.256,/agat/dmxfan/1/speed,124.0
133.257,/agat/dmxfan/1/speed,122.0
133.258,/agat/dmxfan/1/speed,120.0
133.259,/agat/dmxfan/1/speed,118.0
133.259,/agat/dmxfan/1/speed,116.0
133.262,/agat/dmxfan/1/speed,114.0
133.263,/agat/dmxfan/1/speed,112.0
133.264,/agat/dmxfan/1/speed,110.0
133.265,/agat/dmxfan/1/speed,108.0
133.266,/agat/dmxfan/1/speed,106.0
133.268,/agat/dmxfan/1/speed,104.0
133.269,/agat/dmxfan/1/speed,102.0
133.27,/agat/dmxfan/1/speed,100.0
133.273,/agat/dmxfan/1/speed,98.0
133.273,/agat/dmxfan/1/speed,96.0
133.273,/agat/dmxfan/1/speed,94.0
133.274,/agat/dmxfan/1/speed,92.0
133.274,/agat/dmxfan/1/speed,90.0
133.275,/agat/dmxfan/1/speed,88.0
133.277,/agat/dmxfan/1/speed,86.0
133.278,/agat/dmxfan/1/speed,84.0
133.279,/agat/dmxfan/1/speed,82.0
133.281,/agat/dmxfan/1/speed,80.0
133.281,/agat/dmxfan/1/speed,78.0
133.283,/agat/dmxfan/1/speed,76.0
133.284,/agat/dmxfan/1/speed,74.0
133.285,/agat/dmxfan/1/speed,72.0
133.286,/agat/dmxfan/1/speed,70.0
133.287,/agat/dmxfan/1/speed,68.0
133.288,/agat/dmxfan/1/speed,66.0
133.29,/agat/dmxfan/1/speed,64.0
133.291,/agat/dmxfan/1/speed,62.0
133.293,/agat/dmxfan/1/speed,60.0
133.294,/agat/dmxfan/1/speed,58.0
133.295,/agat/dmxfan/1/speed,56.0
133.296,/agat/dmxfan/1/speed,54.0
133.298,/agat/dmxfan/1/speed,52.0
133.299,/agat/dmxfan/1/speed,50.0
133.301,/agat/dmxfan/1/speed,48.0
133.302,/agat/dmxfan/1/speed,46.0
133.303,/agat/dmxfan/1/speed,44.0
133.305,/agat/dmxfan/1/speed,42.0
133.306,/agat/dmxfan/1/speed,40.0
133.308,/agat/dmxfan/1/speed,38.0
133.31,/agat/dmxfan/1/speed,36.0
133.312,/agat/dmxfan/1/speed,34.0
133.313,/agat/dmxfan/1/speed,32.0
133.315,/agat/dmxfan/1/speed,30.0
133.319,/agat/dmxfan/1/speed,28.0
133.32,/agat/dmxfan/1/speed,26.0
133.322,/agat/dmxfan/1/speed,24.0
133.325,/agat/dmxfan/1/speed,22.0
133.328,/agat/dmxfan/1/speed,20.0
133.329,/agat/dmxfan/1/speed,18.0
133.332,/agat/dmxfan/1/speed,16.0
133.335,/agat/dmxfan/1/speed,14.0
133.338,/agat/dmxfan/1/speed,12.0
133.342,/agat/dmxfan/1/speed,10.0
133.344,/agat/dmxfan/1/speed,8.0
133.349,/agat/dmxfan/1/speed,6.0
133.354,/agat/dmxfan/1/speed,4.0
133.36,/agat/dmxfan/1/speed,2.0
133.364,/agat/dmxfan/1/speed,0.0
162.41,/agat/chair/speed,54.0
162.445,/agat/chair/speed,52.0
162.452,/agat/chair/speed,50.0
162.458,/agat/chair/speed,48.0
162.46,/agat/chair/speed,46.0
162.463,/agat/chair/speed,44.0
162.468,/agat/chair/speed,42.0
162.47,/agat/chair/speed,40.0
162.474,/agat/chair/speed,38.0
162.478,/agat/chair/speed,36.0
162.482,/agat/chair/speed,34.0
162.484,/agat/chair/speed,32.0
162.487,/agat/chair/speed,30.0
162.49,/agat/chair/speed,28.0
162.493,/agat/chair/speed,26.0
162.496,/agat/chair/speed,24.0
162.499,/agat/chair/speed,22.0
162.502,/agat/chair/speed,20.0
162.503,/agat/chair/speed,18.0
162.506,/agat/chair/speed,16.0
162.509,/agat/chair/speed,14.0
162.51,/agat/chair/speed,12.0
162.514,/agat/chair/speed,10.0
162.515,/agat/chair/speed,8.0
162.517,/agat/chair/speed,6.0
162.519,/agat/chair/speed,4.0
162.522,/agat/chair/speed,2.0
162.524,/agat/chair/speed,0.0
163.067,/agat/tree/speed,150.0
163.089,/agat/tree/speed,148.0
163.096,/agat/tree/speed,146.0
163.102,/agat/tree/speed,144.0
163.104,/agat/tree/speed,142.0
163.107,/agat/tree/speed,140.0
163.11,/agat/tree/speed,138.0
163.113,/agat/tree/speed,136.0
163.115,/agat/tree/speed,134.0
163.117,/agat/tree/speed,132.0
163.119,/agat/tree/speed,130.0
163.122,/agat/tree/speed,128.0
163.136,/agat/tree/speed,126.0
163.138,/agat/tree/speed,124.0
163.139,/agat/tree/speed,122.0
163.141,/agat/tree/speed,120.0
163.143,/agat/tree/speed,118.0
163.144,/agat/tree/speed,116.0
163.146,/agat/tree/speed,114.0
163.147,/agat/tree/speed,112.0
163.149,/agat/tree/speed,110.0
163.151,/agat/tree/speed,108.0
163.152,/agat/tree/speed,106.0
163.153,/agat/tree/speed,104.0
163.154,/agat/tree/speed,102.0
163.155,/agat/tree/speed,100.0
163.157,/agat/tree/speed,98.0
163.158,/agat/tree/speed,96.0
163.159,/agat/tree/speed,94.0
163.161,/agat/tree/speed,92.0
163.162,/agat/tree/speed,90.0
163.163,/agat/tree/speed,88.0
163.165,/agat/tree/speed,86.0
163.166,/agat/tree/speed,84.0
163.168,/agat/tree/speed,82.0
163.169,/agat/tree/speed,80.0
163.172,/agat/tree/speed,78.0
163.173,/agat/tree/speed,76.0
163.174,/agat/tree/speed,74.0
163.178,/agat/tree/speed,72.0
163.18,/agat/tree/speed,70.0
163.183,/agat/tree/speed,68.0
163.186,/agat/tree/speed,66.0
163.189,/agat/tree/speed,64.0
163.191,/agat/tree/speed,62.0
163.194,/agat/tree/speed,60.0
163.197,/agat/tree/speed,58.0
163.201,/agat/tree/speed,56.0
163.203,/agat/tree/speed,54.0
163.206,/agat/tree/speed,52.0
163.209,/agat/tree/speed,50.0
163.213,/agat/tree/speed,48.0
163.214,/agat/tree/speed,46.0
163.219,/agat/tree/speed,44.0
163.222,/agat/tree/speed,42.0
163.224,/agat/tree/speed,40.0
163.228,/agat/tree/speed,38.0
163.233,/agat/tree/speed,36.0
163.235,/agat/tree/speed,34.0
163.238,/agat/tree/speed,32.0
163.241,/agat/tree/speed,30.0
163.242,/agat/tree/speed,28.0
163.245,/agat/tree/speed,26.0
163.249,/agat/tree/speed,24.0
163.251,/agat/tree/speed,22.0
163.254,/agat/tree/speed,20.0
163.256,/agat/tree/speed,18.0
163.259,/agat/tree/speed,16.0
163.262,/agat/tree/speed,14.0
163.263,/agat/tree/speed,12.0
163.267,/agat/tree/speed,10.0
163.273,/agat/tree/speed,8.0
163.279,/agat/tree/speed,6.0
163.522,/agat/tree/speed,4.0
163.522,/agat/tree/speed,2.0
163.523,/agat/tree/speed,0.0
164.801,/agat/rock/1/speed,226.0
164.959,/agat/rock/1/speed,224.0
164.975,/agat/rock/1/speed,222.0
164.985,/agat/rock/1/speed,220.0
164.99,/agat/rock/1/speed,218.0
165.002,/agat/rock/1/speed,216.0
165.015,/agat/rock/1/speed,214.0
165.024,/agat/rock/1/speed,212.0
165.032,/agat/rock/1/speed,210.0
165.041,/agat/rock/1/speed,208.0
165.052,/agat/rock/1/speed,206.0
165.062,/agat/rock/1/speed,204.0
165.066,/agat/rock/1/speed,202.0
165.076,/agat/rock/1/speed,200.0
165.089,/agat/rock/1/speed,198.0
165.1,/agat/rock/1/speed,196.0
165.114,/agat/rock/1/speed,194.0
165.134,/agat/rock/1/speed,192.0
165.148,/agat/rock/1/speed,190.0
165.153,/agat/rock/1/speed,188.0
165.165,/agat/rock/1/speed,186.0
165.175,/agat/rock/1/speed,184.0
165.185,/agat/rock/1/speed,182.0
165.196,/agat/rock/1/speed,180.0
165.207,/agat/rock/1/speed,178.0
165.22,/agat/rock/1/speed,176.0
165.232,/agat/rock/1/speed,174.0
165.235,/agat/rock/1/speed,172.0
165.243,/agat/rock/1/speed,170.0
165.25,/agat/rock/1/speed,168.0
165.256,/agat/rock/1/speed,166.0
165.261,/agat/rock/1/speed,164.0
165.264,/agat/rock/1/speed,162.0
165.268,/agat/rock/1/speed,160.0
165.272,/agat/rock/1/speed,158.0
165.274,/agat/rock/1/speed,156.0
165.276,/agat/rock/1/speed,154.0
165.281,/agat/rock/1/speed,152.0
165.285,/agat/rock/1/speed,150.0
165.286,/agat/rock/1/speed,148.0
165.291,/agat/rock/1/speed,146.0
165.295,/agat/rock/1/speed,144.0
165.297,/agat/rock/1/speed,142.0
165.3,/agat/rock/1/speed,140.0
165.303,/agat/rock/1/speed,138.0
165.307,/agat/rock/1/speed,136.0
165.31,/agat/rock/1/speed,134.0
165.315,/agat/rock/1/speed,132.0
165.317,/agat/rock/1/speed,130.0
165.321,/agat/rock/1/speed,128.0
165.357,/agat/rock/1/speed,126.0
165.365,/agat/rock/1/speed,124.0
165.373,/agat/rock/1/speed,122.0
165.376,/agat/rock/1/speed,120.0
165.383,/agat/rock/1/speed,118.0
165.395,/agat/rock/1/speed,116.0
165.407,/agat/rock/1/speed,114.0
165.455,/agat/rock/1/speed,116.0
165.471,/agat/rock/1/speed,118.0
165.62,/agat/rock/1/speed,116.0
165.627,/agat/rock/1/speed,114.0
165.632,/agat/rock/1/speed,112.0
165.636,/agat/rock/1/speed,110.0
165.638,/agat/rock/1/speed,108.0
165.642,/agat/rock/1/speed,106.0
165.646,/agat/rock/1/speed,104.0
165.647,/agat/rock/1/speed,102.0
165.651,/agat/rock/1/speed,100.0
165.653,/agat/rock/1/speed,98.0
165.655,/agat/rock/1/speed,96.0
165.658,/agat/rock/1/speed,94.0
165.659,/agat/rock/1/speed,92.0
165.663,/agat/rock/1/speed,90.0
165.664,/agat/rock/1/speed,88.0
165.667,/agat/rock/1/speed,86.0
165.669,/agat/rock/1/speed,84.0
165.671,/agat/rock/1/speed,82.0
165.673,/agat/rock/1/speed,80.0
165.675,/agat/rock/1/speed,78.0
165.677,/agat/rock/1/speed,76.0
165.68,/agat/rock/1/speed,74.0
165.681,/agat/rock/1/speed,72.0
165.684,/agat/rock/1/speed,70.0
165.685,/agat/rock/1/speed,68.0
165.688,/agat/rock/1/speed,66.0
165.689,/agat/rock/1/speed,64.0
165.691,/agat/rock/1/speed,62.0
165.693,/agat/rock/1/speed,60.0
165.695,/agat/rock/1/speed,58.0
165.697,/agat/rock/1/speed,56.0
165.698,/agat/rock/1/speed,54.0
165.7,/agat/rock/1/speed,52.0
165.702,/agat/rock/1/speed,50.0
165.704,/agat/rock/1/speed,48.0
165.705,/agat/rock/1/speed,46.0
165.707,/agat/rock/1/speed,44.0
165.709,/agat/rock/1/speed,42.0
165.711,/agat/rock/1/speed,40.0
165.712,/agat/rock/1/speed,38.0
165.714,/agat/rock/1/speed,36.0
165.717,/agat/rock/1/speed,34.0
165.717,/agat/rock/1/speed,32.0
165.719,/agat/rock/1/speed,30.0
165.721,/agat/rock/1/speed,28.0
165.722,/agat/rock/1/speed,26.0
165.724,/agat/rock/1/speed,24.0
165.725,/agat/rock/1/speed,22.0
165.727,/agat/rock/1/speed,20.0
165.728,/agat/rock/1/speed,18.0
165.73,/agat/rock/1/speed,16.0
165.732,/agat/rock/1/speed,14.0
165.733,/agat/rock/1/speed,12.0
165.734,/agat/rock/1/speed,10.0
165.735,/agat/rock/1/speed,8.0
165.737,/agat/rock/1/speed,6.0
165.738,/agat/rock/1/speed,4.0
165.74,/agat/rock/1/speed,2.0
165.742,/agat/rock/1/speed,0.0

# Duration: 929.8 seconds
